{"cameraMode":{"drawMode":0,"name":"Shaded","section":"Shading Mode"},"sceneLighting":false,"audioPlay":false,"sceneViewState":{"m_AlwaysRefresh":false,"showFog":false,"showSkybox":false,"showFlares":false,"showImageEffects":false,"showParticleSystems":false,"showVisualEffectGraphs":true,"m_FxEnabled":true},"in2DMode":false,"pivot":{"x":0.04951775074005127,"y":1.6615040302276612,"z":-0.026085376739501954},"rotation":{"x":-0.20119309425354005,"y":-0.6204290390014648,"z":0.1689123660326004,"w":-0.7389918565750122},"size":2.089263916015625,"orthographic":false}